{"cameraMode":{"drawMode":0,"name":"Shaded","section":"Shading Mode"},"sceneLighting":true,"audioPlay":false,"sceneViewState":{"m_AlwaysRefresh":false,"showFog":true,"showSkybox":true,"showFlares":true,"showImageEffects":true,"showParticleSystems":true,"showVisualEffectGraphs":true,"m_FxEnabled":true},"in2DMode":false,"pivot":{"x":-0.05044912174344063,"y":0.7783418297767639,"z":-0.00023949146270751953},"rotation":{"x":0.011620023287832737,"y":0.9870805740356445,"z":-0.13557934761047364,"w":0.08460157364606857},"size":7.329340934753418,"orthographic":true}