{"cameraMode":{"drawMode":0,"name":"Shaded","section":"Shading Mode"},"sceneLighting":true,"audioPlay":false,"sceneViewState":{"m_AlwaysRefresh":false,"showFog":true,"showSkybox":true,"showFlares":true,"showImageEffects":true,"showParticleSystems":true,"showVisualEffectGraphs":true,"m_FxEnabled":true},"in2DMode":false,"pivot":{"x":-3.620710611343384,"y":0.23936490714550019,"z":-0.029825225472450258},"rotation":{"x":-0.01318639051169157,"y":0.9485635161399841,"z":-0.3138178586959839,"w":-0.039863429963588718},"size":4.3219146728515629,"orthographic":false}