{"cameraMode":{"drawMode":0,"name":"Shaded","section":"Shading Mode"},"sceneLighting":true,"audioPlay":false,"sceneViewState":{"m_AlwaysRefresh":false,"showFog":true,"showSkybox":true,"showFlares":true,"showImageEffects":true,"showParticleSystems":true,"showVisualEffectGraphs":true,"m_FxEnabled":true},"in2DMode":false,"pivot":{"x":-0.7399997711181641,"y":11.229999542236329,"z":-13.790000915527344},"rotation":{"x":-0.30819904804229739,"y":-0.033674456179142,"z":0.010917006991803646,"w":-0.9506708383560181},"size":12.124356269836426,"orthographic":false}